{
    "V01": {
        "v": "V01",
        "word": "Spontaneous",
        "definitions": [
            "Happening or arising without apparent external cause; self-generated.",
            "Arising from a natural inclination or impulse and not from forethought or prompting.",
            "Unconstrained and unstudied in manner or behavior."
        ]
    },
    "V02": {
        "v": "V02",
        "word": "Talkative",
        "definitions": [
            "Marked by or having a disposition to talk.",
            "Inclined to talk or converse; ready or apt to engage in conversation; freely communicative; chatty."
        ]
    },
    "V03": {
        "v": "V03",
        "word": "Shy",
        "definitions": [
            "Being reserved.",
            "Showing nervousness timidity in the company of other people."
        ]
    },
    "V04": {
        "v": "V04",
        "word": "Stick to it",
        "definitions": [
            "To continue or persist in doing, believing, or using something.",
            "To remain loyal to, committed to, or supportive of something."
        ]
    },
    "V05": {
        "v": "V05",
        "word": "Understanding",
        "definitions": [
            "Characterized by or having good sense or compassion.",
            "Approving [An understanding person who has the ability to know how other people are feeling, and can forgive them if they do something wrong.]"
        ]
    },
    "V06": {
        "v": "V06",
        "word": "Soft-Hearted",
        "definitions": [
            "Having a soft or tender heart.",
            "Susceptible of pity or other kindly affection; gentle; meek."
        ]
    },
    "V07": {
        "v": "V07",
        "word": "Individualistic",
        "definitions": [
            "Showing great independence or individuality in thought or action",
            "Marked by or expressing individuality; unconventional."
        ]
    },
    "V08": {
        "v": "V08",
        "word": "Unassuming",
        "definitions": [
            "Exhibiting no pretensions, boastfulness, or ostentation; modest.",
            "Not assuming; not bold or forward; not arrogant; modest; not forthputting; retiring."
        ]
    },
    "V09": {
        "v": "V09",
        "word": "Good-Natured",
        "definitions": [
            "Having an easygoing, cheerful disposition.",
            "Having a good disposition; naturally mild in temper; easily acquiescent."
        ]
    },
    "V10": {
        "v": "V10",
        "word": "Spirited",
        "definitions": [
            "Full of or characterized by animation, vigor, or courage.",
            "Animated; full of life; lively; full of spirit or fire."
        ]
    },
    "V11": {
        "v": "V11",
        "word": "Demanding",
        "definitions": [
            "Requiring others to work hard or meet high expectations."
        ]
    },
    "V12": {
        "v": "V12",
        "word": "Daring",
        "definitions": [
            "Showing bravery and willingness to risk danger or criticism.",
            "Bold or courageous; fearless or intrepid; adventurous."
        ]
    },
    "V13": {
        "v": "V13",
        "word": "Persuasive",
        "definitions": [
            "Good at persuading someone to do or believe something."
        ]
    },
    "V14": {
        "v": "V14",
        "word": "Outgoing",
        "definitions": [
            "Openly friendly.",
            "Socially confident.",
            "Friendly and energetic and finding it easy and enjoyable to be with others."
        ]
    },
    "V15": {
        "v": "V15",
        "word": "Earnest",
        "definitions": [
            "Sincere and serious.",
            "Characterized by or proceeding from an intense and serious state of mind."
        ]
    },
    "V16": {
        "v": "V16",
        "word": "Pleasant",
        "definitions": [
            "Pleasing in manner, behavior, or appearance.",
            "Socially acceptable or adept; amiable; agreeable."
        ]
    },
    "V17": {
        "v": "V17",
        "word": "Kind-Hearted",
        "definitions": [
            "Characterized by kindness; sympathetic.",
            "Having or showing a sympathetic nature.",
            "Having sympathy, compassion, friendliness, and sensitivity to others' emotions."
        ]
    },
    "V18": {
        "v": "V18",
        "word": "Generous",
        "definitions": [
            "Giving or sharing in abundance and without hesitation.",
            "Characterized by a noble or forbearing spirit."
        ]
    },
    "V19": {
        "v": "V19",
        "word": "Compelling",
        "definitions": [
            "Having the power to persuade.",
            "Evoking interest, attention, or admiration in a powerfully irresistible way."
        ]
    },
    "V20": {
        "v": "V20",
        "word": "Selfish",
        "definitions": [
            "Concerned excessively or exclusively with oneself.",
            "Seeking or concentrating on one's own advantage, pleasure, or well-being without regard for others."
        ]
    },
    "V21": {
        "v": "V21",
        "word": "Aggressive",
        "definitions": [
            "Pursuing one's aims and interests forcefully, sometimes unduly so.",
            "Ready or likely to attack or confront; characterized by or resulting from aggression."
        ]
    },
    "V22": {
        "v": "V22",
        "word": "Industrious",
        "definitions": [
            "Diligent and hard-working.",
            "Constantly, regularly, or habitually active or occupied."
        ]
    },
    "V23": {
        "v": "V23",
        "word": "Compassionate",
        "definitions": [
            "Feeling or showing sympathy and concern for others.",
            "Having sympathetic consciousness of others' distress together with a desire to alleviate it."
        ]
    },
    "V24": {
        "v": "V24",
        "word": "Careful",
        "definitions": [
            "Marked by attentive concern and protectiveness.",
            "Marked by painstaking effort to avoid errors or omissions."
        ]
    },
    "V25": {
        "v": "V25",
        "word": "Fussy",
        "definitions": [
            "Fastidious about one's needs or requirements; hard to please.",
            "Showing excessive or anxious concern about detail.",
            "Calling for or requiring great attention."
        ]
    },
    "V26": {
        "v": "V26",
        "word": "Adaptable",
        "definitions": [
            "Capable of changing according to circumstances.",
            "Able to adjust to new conditions."
        ]
    },
    "V27": {
        "v": "V27",
        "word": "Attractive",
        "definitions": [
            "Appealing to look at.",
            "Pleasing to the senses or mind, as by being beautiful.",
            "Having the power to attract."
        ]
    },
    "V28": {
        "v": "V28",
        "word": "Calm",
        "definitions": [
            "Not excited or agitated; composed.",
            "Peaceful, quiet, and without worry.",
            "Peaceful, quiet, or relaxed."
        ]
    },
    "V29": {
        "v": "V29",
        "word": "Controlling",
        "definitions": [
            "Inclined to control others' behavior; domineering."
        ]
    },
    "V30": {
        "v": "V30",
        "word": "Agreeable",
        "definitions": [
            "Ready or willing to agree or consent; conformable."
        ]
    }
}